video_file,second,frames_processed,valid_face_frames,coverage_ratio,avg_blink_score,blinks_this_second,avg_mm_per_px,avg_left_eye_width_mm,avg_left_eye_height_mm,avg_right_eye_width_mm,avg_right_eye_height_mm,avg_face_width_mm,avg_face_height_mm,avg_nose_width_mm,avg_nose_height_mm,avg_mouth_width_mm,avg_mouth_height_mm
GX010399.MP4,0,30,30,1.0,0.142440670200934,1,0.27332691882895027,27.897217578408625,7.951933678341794,29.676551964023496,8.376217423490951,148.13349530116966,165.01478252598298,45.006520305403555,49.520357290816634,52.4093352706358,2.1346365661245152
GX010399.MP4,1,30,30,1.0,0.21396419384206336,1,0.27717487742428043,28.587321349730033,7.109306500372013,29.922831046551035,7.413115961248183,150.95256085609955,170.45602022024616,45.6936448294839,49.98683807267417,52.49003395935539,2.695455732584446
GX010399.MP4,2,7,7,1.0,0.08465974551758595,0,0.28054364413064053,28.590575848287127,9.30180192080581,30.24175250247301,9.971110154422606,149.00600525937074,173.1030892342107,46.120911814835445,51.51815994394918,53.36587698497432,1.0990025208138152
