{
  "timestamp": "20260124_121206",
  "camera_index": 1,
  "resolution": {
    "width": 640,
    "height": 480
  },
  "checkerboard_size": [
    9,
    6
  ],
  "square_size_mm": 25.0,
  "num_captures": 17,
  "reprojection_error": 0.0290490112162213,
  "camera_matrix": [
    [
      535.6373203835932,
      0.0,
      321.11803614236567
    ],
    [
      0.0,
      533.6909200646111,
      234.96563187080352
    ],
    [
      0.0,
      0.0,
      1.0
    ]
  ],
  "dist_coeffs": [
    0.05051486329035637,
    -0.17760832240034205,
    0.001090586356547189,
    0.0012865432170086103,
    0.17777440444550535
  ],
  "focal_length": {
    "fx": 535.6373203835932,
    "fy": 533.6909200646111
  },
  "principal_point": {
    "cx": 321.11803614236567,
    "cy": 234.96563187080352
  }
}